parmoeda,frequencia,datetime,timestamp,GEP,vela1,vela2,vela3,operacao,ultima_vela,vela_abertura
EURUSD,221.82,2023-08-01 23:15:49.978950,23:15:50,NEUTRO,5.0,2.0,5.0,PUT,1.09889,1.09889
EURJPY,324.14,2023-08-01 23:15:49.978950,23:15:50,NEUTRO,4.0,2.0,2.0,CALL,157.4085,157.391
EURUSD,221.82,2023-08-01 23:16:50.141386,23:16:50,NEUTRO,2.0,0.0,5.0,CALL,1.09892,1.098885
EURJPY,324.14,2023-08-01 23:16:50.141386,23:16:50,ALTA,1.0,1.0,5.0,CALL,157.4025,157.408
EURGBP,275.24,2023-08-01 23:16:50.141386,23:16:50,NEUTRO,5.0,1.0,5.0,CALL,0.859975,0.85997
EURUSD,221.82,2023-08-01 23:17:50.275363,23:17:50,NEUTRO,5.0,4.0,1.0,CALL,1.098855,1.09891
EURJPY,324.14,2023-08-01 23:17:50.275363,23:17:50,ALTA,0.0,1.0,5.0,PUT,157.403,157.395
EURUSD,221.82,2023-08-01 23:18:49.405755,23:18:50,NEUTRO,0.0,4.0,5.0,CALL,1.09885,1.0989
EURJPY,324.14,2023-08-01 23:18:49.405755,23:18:50,NEUTRO,0.0,5.0,1.0,PUT,157.418,157.391
EURUSD,221.82,2023-08-01 23:19:49.569077,23:19:50,NEUTRO,5.0,0.0,0.0,CALL,1.098835,1.098855
EURJPY,324.14,2023-08-01 23:19:49.569077,23:19:50,NEUTRO,5.0,1.0,5.0,CALL,157.4065,157.416
EURUSD,221.82,2023-08-01 23:20:49.732473,23:20:50,NEUTRO,0.0,5.0,5.0,CALL,1.09885,1.098805
EURJPY,324.14,2023-08-01 23:20:49.732473,23:20:50,ALTA,0.0,2.0,1.0,PUT,157.3985,157.405
EURGBP,275.24,2023-08-01 23:20:49.732473,23:20:50,NEUTRO,0.0,0.0,0.0,CALL,0.859795,0.85989
EURJPY,324.14,2023-08-01 23:21:49.843807,23:21:50,NEUTRO,0.0,0.0,0.0,CALL,157.401,157.4
EURUSD,221.82,2023-08-01 23:22:50.050933,23:22:50,NEUTRO,5.0,5.0,1.0,PUT,1.0989,1.0989
EURJPY,324.14,2023-08-01 23:22:50.050933,23:22:50,NEUTRO,5.0,5.0,0.0,CALL,157.3855,157.399
EURUSD,221.82,2023-08-01 23:23:50.131793,23:23:50,NEUTRO,1.0,2.0,4.0,PUT,1.098845,1.09896
EURJPY,324.14,2023-08-01 23:23:50.131793,23:23:50,NEUTRO,0.0,1.0,5.0,CALL,157.3505,157.3885
EURUSD,221.82,2023-08-01 23:24:50.277998,23:24:50,ALTA,0.0,0.0,2.0,PUT,1.098885,1.098865
EURUSD,221.82,2023-08-01 23:25:49.411817,23:25:50,ALTA,0.0,0.0,0.0,PUT,1.098765,1.098875
EURJPY,324.14,2023-08-01 23:25:49.411817,23:25:50,NEUTRO,4.0,4.0,0.0,CALL,157.3725,157.3605
EURUSD,221.82,2023-08-01 23:26:49.647173,23:26:50,NEUTRO,2.0,2.0,0.0,PUT,1.098815,1.09883
EURJPY,324.14,2023-08-01 23:26:49.647173,23:26:50,ALTA,0.0,5.0,0.0,PUT,157.3935,157.3775
EURUSD,221.82,2023-08-01 23:27:49.782170,23:27:50,ALTA,1.0,5.0,4.0,PUT,1.09883,1.09881
EURJPY,324.14,2023-08-01 23:27:49.782170,23:27:50,NEUTRO,1.0,5.0,4.0,CALL,157.3885,157.393
EURJPY,324.14,2023-08-01 23:28:49.954069,23:28:50,NEUTRO,5.0,2.0,0.0,PUT,157.382,157.397
EURJPY,324.14,2023-08-01 23:29:49.994835,23:29:50,NEUTRO,0.0,4.0,0.0,PUT,157.37,157.384
EURUSD,276.65,2023-08-01 23:39:50.026084,23:39:50,NEUTRO,4.0,2.0,2.0,CALL,1.098725,1.098665
EURJPY,324.14,2023-08-01 23:39:50.026084,23:39:50,NEUTRO,1.0,4.0,2.0,PUT,157.3795,157.356
EURGBP,278.03,2023-08-01 23:39:50.026084,23:39:50,ALTA,0.0,1.0,0.0,PUT,0.860085,0.860095
EURUSD,276.65,2023-08-01 23:40:50.194724,23:40:50,ALTA,4.0,2.0,1.0,CALL,1.09874,1.09871
EURJPY,324.14,2023-08-01 23:40:50.194724,23:40:50,NEUTRO,0.0,1.0,5.0,CALL,157.379,157.3855
EURGBP,278.03,2023-08-01 23:40:50.194724,23:40:50,NEUTRO,5.0,5.0,0.0,CALL,0.860045,0.860105
EURJPY,324.14,2023-08-01 23:40:51.193713,23:40:50,NEUTRO,1.0,5.0,0.0,PUT,157.379,157.3855
EURGBP,278.03,2023-08-01 23:40:51.193713,23:40:50,NEUTRO,5.0,5.0,2.0,CALL,0.860045,0.860105
EURUSD,276.65,2023-08-01 23:41:49.541246,23:41:50,NEUTRO,2.0,0.0,1.0,PUT,1.09871,1.098765
EURJPY,324.14,2023-08-01 23:41:49.541246,23:41:50,ALTA,2.0,1.0,1.0,CALL,157.363,157.376
EURGBP,278.03,2023-08-01 23:41:49.541246,23:41:50,NEUTRO,0.0,0.0,0.0,CALL,0.860095,0.86005
EURJPY,324.14,2023-08-01 23:42:49.740074,23:42:50,ALTA,1.0,1.0,0.0,CALL,157.3545,157.3715
EURGBP,278.03,2023-08-01 23:42:49.740074,23:42:50,NEUTRO,4.0,4.0,0.0,CALL,0.860075,0.860105
EURJPY,324.14,2023-08-01 23:43:49.957285,23:43:50,ALTA,5.0,1.0,0.0,PUT,157.3575,157.357
EURGBP,278.03,2023-08-01 23:43:49.957285,23:43:50,NEUTRO,0.0,0.0,5.0,CALL,0.860035,0.86007
EURUSD,276.65,2023-08-01 23:44:50.163157,23:44:50,NEUTRO,0.0,4.0,0.0,PUT,1.098535,1.098545
EURJPY,324.14,2023-08-01 23:44:50.163157,23:44:50,ALTA,0.0,1.0,5.0,PUT,157.3535,157.3575
EURGBP,278.03,2023-08-01 23:44:51.161889,23:44:50,NEUTRO,5.0,0.0,0.0,CALL,0.860085,0.860035
EURUSD,276.65,2023-08-01 23:45:49.331368,23:45:50,NEUTRO,2.0,1.0,0.0,CALL,1.098565,1.098585
EURJPY,324.14,2023-08-01 23:45:49.331368,23:45:50,NEUTRO,2.0,1.0,4.0,PUT,157.3385,157.3415
EURGBP,278.03,2023-08-01 23:45:49.331368,23:45:50,ALTA,2.0,0.0,5.0,PUT,0.860095,0.860035
EURUSD,276.65,2023-08-01 23:45:50.315042,23:45:50,NEUTRO,2.0,1.0,0.0,CALL,1.098585,1.098565
EURGBP,278.03,2023-08-01 23:45:50.315042,23:45:50,ALTA,2.0,0.0,5.0,PUT,0.86011,0.860045
EURJPY,324.14,2023-08-01 23:46:49.592336,23:46:50,ALTA,2.0,1.0,1.0,CALL,157.3535,157.332
EURGBP,278.03,2023-08-01 23:46:49.592336,23:46:50,NEUTRO,0.0,5.0,5.0,CALL,0.86013,0.86008
EURUSD,276.65,2023-08-01 23:47:49.905226,23:47:50,NEUTRO,4.0,1.0,0.0,PUT,1.098655,1.098665
EURJPY,324.14,2023-08-01 23:47:49.905226,23:47:50,NEUTRO,1.0,5.0,0.0,PUT,157.3545,157.3615
EURGBP,278.03,2023-08-01 23:47:49.905226,23:47:50,ALTA,1.0,0.0,5.0,CALL,0.86014,0.86015
EURUSD,276.65,2023-08-01 23:48:50.174081,23:48:50,NEUTRO,2.0,5.0,4.0,PUT,1.0986,1.098665
EURJPY,324.14,2023-08-01 23:48:50.174081,23:48:50,NEUTRO,4.0,1.0,0.0,PUT,157.329,157.3545
EURUSD,276.65,2023-08-01 23:49:50.230123,23:49:50,NEUTRO,2.0,0.0,1.0,PUT,1.098485,1.09861
EURJPY,324.14,2023-08-01 23:49:50.230123,23:49:50,ALTA,5.0,5.0,5.0,PUT,157.3935,157.332
EURGBP,278.03,2023-08-01 23:49:50.230123,23:49:50,NEUTRO,4.0,2.0,2.0,CALL,0.860105,0.86014
EURUSD,276.65,2023-08-01 23:50:49.448721,23:50:50,NEUTRO,0.0,0.0,0.0,CALL,1.09838,1.098515
EURJPY,324.14,2023-08-01 23:50:49.448721,23:50:50,NEUTRO,0.0,0.0,1.0,PUT,157.347,157.3265
EURGBP,278.03,2023-08-01 23:50:49.448721,23:50:50,NEUTRO,0.0,2.0,4.0,CALL,0.8601,0.860105
EURUSD,276.65,2023-08-01 23:51:49.685093,23:51:50,NEUTRO,2.0,0.0,0.0,CALL,1.09816,1.098425
EURJPY,324.14,2023-08-01 23:51:49.685093,23:51:50,ALTA,2.0,0.0,0.0,PUT,157.3275,157.376
EURGBP,278.03,2023-08-01 23:51:49.685093,23:51:50,NEUTRO,5.0,0.0,0.0,CALL,0.859845,0.86011
EURUSD,276.65,2023-08-01 23:52:49.982617,23:52:50,NEUTRO,0.0,1.0,4.0,PUT,1.09813,1.098145
EURJPY,324.14,2023-08-01 23:53:49.911670,23:53:50,NEUTRO,5.0,0.0,1.0,PUT,157.365,157.3345
EURGBP,278.03,2023-08-01 23:53:49.911670,23:53:50,NEUTRO,0.0,4.0,5.0,CALL,0.859915,0.859955
EURUSD,124.67,2023-08-02 00:04:49.559222,00:04:50,ALTA,1.0,0.0,1.0,PUT,1.09849,1.09832
EURJPY,123.45,2023-08-02 00:04:49.559222,00:04:50,ALTA,5.0,1.0,0.0,PUT,157.382,157.3915
EURUSD,124.67,2023-08-02 00:05:49.949268,00:05:50,NEUTRO,5.0,5.0,5.0,CALL,1.098385,1.09846
EURJPY,123.45,2023-08-02 00:05:49.949268,00:05:50,NEUTRO,1.0,0.0,4.0,CALL,157.379,157.379
EURUSD,124.67,2023-08-02 00:06:50.292005,00:06:50,NEUTRO,0.0,5.0,2.0,CALL,1.098325,1.098385
EURUSD,124.67,2023-08-02 00:07:49.527582,00:07:50,NEUTRO,0.0,0.0,1.0,PUT,1.09836,1.09831
EURJPY,123.45,2023-08-02 00:07:49.527582,00:07:50,ALTA,0.0,2.0,5.0,CALL,157.3785,157.3795
EURGBP,123.99,2023-08-02 00:07:49.527582,00:07:50,NEUTRO,5.0,0.0,4.0,PUT,0.8601,0.859995
EURUSD,124.67,2023-08-02 00:07:50.531006,00:07:50,NEUTRO,0.0,1.0,5.0,CALL,1.09833,1.09831
EURJPY,123.45,2023-08-02 00:07:50.531006,00:07:50,ALTA,2.0,5.0,0.0,PUT,157.3825,157.3805
EURUSD,124.67,2023-08-02 00:08:49.917042,00:08:50,NEUTRO,0.0,4.0,0.0,PUT,1.09837,1.098365
EURJPY,123.45,2023-08-02 00:08:49.917042,00:08:50,NEUTRO,0.0,2.0,4.0,CALL,157.3985,157.3725
EURGBP,123.99,2023-08-02 00:08:49.917042,00:08:50,NEUTRO,4.0,2.0,5.0,CALL,0.860125,0.86011
EURUSD,124.67,2023-08-02 00:09:50.165552,00:09:50,ALTA,5.0,0.0,1.0,CALL,1.09835,1.09838
EURJPY,123.45,2023-08-02 00:09:50.165552,00:09:50,NEUTRO,1.0,0.0,1.0,CALL,157.37,157.398
EURUSD,124.67,2023-08-02 00:10:49.513048,00:10:50,NEUTRO,0.0,0.0,0.0,CALL,1.09823,1.098355
EURJPY,123.45,2023-08-02 00:10:49.513048,00:10:50,NEUTRO,0.0,0.0,2.0,CALL,157.3655,157.386
EURUSD,124.67,2023-08-02 00:11:49.859437,00:11:50,NEUTRO,2.0,0.0,0.0,CALL,1.098275,1.09825
EURJPY,123.45,2023-08-02 00:11:49.859437,00:11:50,NEUTRO,0.0,1.0,0.0,CALL,157.37,157.3825
EURGBP,123.99,2023-08-02 00:11:49.859437,00:11:50,NEUTRO,0.0,4.0,0.0,PUT,0.8603,0.8601
EURUSD,124.67,2023-08-02 00:12:50.229890,00:12:50,ALTA,0.0,5.0,0.0,PUT,1.098135,1.09827
EURJPY,123.45,2023-08-02 00:12:50.229890,00:12:50,NEUTRO,5.0,1.0,5.0,CALL,157.3665,157.3695
EURGBP,123.99,2023-08-02 00:12:50.229890,00:12:50,NEUTRO,4.0,0.0,4.0,CALL,0.860205,0.860285
EURUSD,124.67,2023-08-02 00:13:49.438790,00:13:50,NEUTRO,0.0,0.0,0.0,CALL,1.098225,1.09815
EURJPY,123.45,2023-08-02 00:13:49.438790,00:13:50,NEUTRO,0.0,5.0,0.0,CALL,157.37,157.372
EURGBP,123.99,2023-08-02 00:13:49.438790,00:13:50,NEUTRO,0.0,4.0,0.0,PUT,0.86028,0.86021
EURUSD,124.67,2023-08-02 00:14:49.813945,00:14:50,NEUTRO,1.0,2.0,1.0,PUT,1.098195,1.098155
EURJPY,123.45,2023-08-02 00:14:49.813945,00:14:50,ALTA,4.0,4.0,0.0,PUT,157.37,157.373
EURUSD,124.67,2023-08-02 00:15:50.171111,00:15:50,NEUTRO,4.0,1.0,5.0,PUT,1.09829,1.0982
EURJPY,123.45,2023-08-02 00:15:50.171111,00:15:50,ALTA,2.0,5.0,0.0,PUT,157.387,157.3705
EURUSD,124.67,2023-08-02 00:16:49.520546,00:16:50,ALTA,2.0,5.0,0.0,PUT,1.098145,1.098265
EURJPY,123.45,2023-08-02 00:16:49.520546,00:16:50,ALTA,4.0,5.0,0.0,CALL,157.381,157.3835
EURGBP,123.99,2023-08-02 00:16:49.520546,00:16:50,NEUTRO,5.0,1.0,4.0,PUT,0.86031,0.86036
EURUSD,124.67,2023-08-02 00:17:49.952749,00:17:50,NEUTRO,5.0,4.0,0.0,PUT,1.09808,1.09825
EURJPY,123.45,2023-08-02 00:17:49.952749,00:17:50,NEUTRO,5.0,5.0,0.0,CALL,157.3685,157.384
EURUSD,124.67,2023-08-02 00:18:50.278930,00:18:50,NEUTRO,0.0,5.0,0.0,CALL,1.09816,1.098075
EURJPY,123.45,2023-08-02 00:18:50.278930,00:18:50,ALTA,5.0,2.0,5.0,CALL,157.3735,157.368
EURUSD,124.67,2023-08-02 00:19:49.601992,00:19:50,ALTA,0.0,0.0,4.0,CALL,1.09827,1.09812
EURJPY,123.45,2023-08-02 00:19:49.601992,00:19:50,NEUTRO,0.0,2.0,1.0,CALL,157.375,157.3615
EURUSD,124.67,2023-08-02 00:20:50.068812,00:20:50,NEUTRO,4.0,1.0,1.0,CALL,1.098235,1.09827
EURGBP,123.99,2023-08-02 00:20:50.068812,00:20:50,NEUTRO,0.0,1.0,0.0,CALL,0.860275,0.86025
EURUSD,124.67,2023-08-02 00:22:49.476366,00:22:50,NEUTRO,1.0,0.0,2.0,PUT,1.098405,1.09832
EURJPY,123.45,2023-08-02 00:22:49.476366,00:22:50,NEUTRO,1.0,0.0,2.0,PUT,157.4355,157.414
EURGBP,123.99,2023-08-02 00:23:49.837762,00:23:50,NEUTRO,5.0,5.0,0.0,CALL,0.860305,0.860305
EURJPY,123.45,2023-08-02 00:24:50.232792,00:24:50,NEUTRO,1.0,5.0,5.0,PUT,157.425,157.434
EURUSD,124.67,2023-08-02 09:03:50.563268,09:03:50,NEUTRO,5.0,1.0,0.0,CALL,1.09855,1.098555
EURJPY,123.45,2023-08-02 09:03:50.563268,09:03:50,ALTA,0.0,1.0,0.0,PUT,156.807015,156.804105
EURGBP,123.99,2023-08-02 09:03:50.563268,09:03:50,ALTA,5.0,1.0,2.0,PUT,0.860165,0.860235
EURJPY,123.45,2023-08-02 09:04:50.956056,09:04:50,NEUTRO,5.0,0.0,0.0,CALL,156.818765,156.799035
EURGBP,123.99,2023-08-02 09:04:50.956056,09:04:50,ALTA,0.0,2.0,5.0,CALL,0.86033,0.860125
EURUSD,124.67,2023-08-02 09:05:50.395706,09:05:50,ALTA,0.0,0.0,1.0,CALL,1.0987,1.09845
EURJPY,123.45,2023-08-02 09:05:50.395706,09:05:50,NEUTRO,5.0,0.0,4.0,PUT,156.846255,156.820805
EURGBP,123.99,2023-08-02 09:05:50.395706,09:05:50,ALTA,5.0,1.0,4.0,CALL,0.860345,0.860345
EURUSD,124.67,2023-08-02 09:06:50.930685,09:06:50,NEUTRO,1.0,2.0,5.0,CALL,1.09856,1.09868
EURJPY,123.45,2023-08-02 09:06:50.930685,09:06:50,ALTA,1.0,1.0,0.0,CALL,156.860375,156.846405
EURUSD,124.67,2023-08-02 09:07:50.291144,09:07:50,NEUTRO,0.0,0.0,2.0,CALL,1.09848,1.098545
EURJPY,123.45,2023-08-02 09:07:50.291144,09:07:50,ALTA,1.0,1.0,2.0,CALL,156.874495,156.858345
EURGBP,123.99,2023-08-02 09:07:50.291144,09:07:50,NEUTRO,0.0,5.0,1.0,PUT,0.86041,0.86045
EURJPY,123.45,2023-08-02 09:08:50.678124,09:08:50,ALTA,1.0,0.0,1.0,PUT,156.882515,156.866085
EURUSD,124.67,2023-08-02 09:09:51.090792,09:09:50,NEUTRO,1.0,0.0,1.0,CALL,1.09844,1.09852
EURJPY,123.45,2023-08-02 09:09:51.090792,09:09:50,ALTA,0.0,1.0,5.0,PUT,156.932185,156.880465
EURGBP,123.99,2023-08-02 09:09:51.090792,09:09:50,NEUTRO,0.0,0.0,0.0,CALL,0.86048,0.8604
EURJPY,123.45,2023-08-02 09:10:50.464051,09:10:50,ALTA,4.0,1.0,0.0,CALL,156.897445,156.910475
EURGBP,123.99,2023-08-02 09:10:50.464051,09:10:50,NEUTRO,1.0,0.0,5.0,PUT,0.860485,0.860485
EURUSD,124.67,2023-08-02 09:11:50.865118,09:11:50,NEUTRO,2.0,1.0,1.0,PUT,1.098295,1.09838
EURJPY,123.45,2023-08-02 09:11:50.865118,09:11:50,ALTA,0.0,0.0,1.0,CALL,156.880305,156.913295
EURJPY,123.45,2023-08-02 09:12:50.232982,09:12:50,NEUTRO,1.0,1.0,0.0,PUT,156.894675,156.884025
EURJPY,123.45,2023-08-02 09:13:50.671618,09:13:50,NEUTRO,1.0,1.0,4.0,CALL,156.874785,156.898155
EURGBP,123.99,2023-08-02 09:13:50.671618,09:13:50,NEUTRO,1.0,0.0,1.0,CALL,0.86063,0.86051
EURJPY,123.45,2023-08-02 09:14:51.035259,09:14:50,NEUTRO,1.0,0.0,0.0,PUT,156.919575,156.881185
EURGBP,123.99,2023-08-02 09:14:51.035259,09:14:50,NEUTRO,2.0,1.0,5.0,CALL,0.860865,0.860565
EURJPY,123.45,2023-08-02 09:14:51.996309,09:14:50,ALTA,0.0,0.0,0.0,PUT,156.919575,156.881185
EURGBP,123.99,2023-08-02 09:14:51.996309,09:14:50,NEUTRO,2.0,1.0,5.0,CALL,0.860865,0.860565
EURUSD,124.67,2023-08-02 09:15:50.595181,09:15:50,NEUTRO,1.0,1.0,0.0,PUT,1.09746,1.097015
EURJPY,123.45,2023-08-02 09:15:50.595181,09:15:50,ALTA,0.0,0.0,0.0,PUT,157.021875,156.950995
EURGBP,123.99,2023-08-02 09:15:50.595181,09:15:50,ALTA,1.0,1.0,2.0,CALL,0.860965,0.86093
EURUSD,124.67,2023-08-02 09:16:51.134237,09:16:50,NEUTRO,1.0,0.0,5.0,PUT,1.09747,1.0976
EURJPY,123.45,2023-08-02 09:16:51.134237,09:16:50,ALTA,1.0,0.0,1.0,PUT,157.017225,157.000605
EURGBP,123.99,2023-08-02 09:16:51.134237,09:16:50,NEUTRO,1.0,5.0,5.0,PUT,0.861185,0.86096
EURUSD,124.67,2023-08-02 09:17:50.636140,09:17:50,ALTA,1.0,0.0,5.0,CALL,1.09771,1.097425
EURJPY,123.45,2023-08-02 09:17:50.636140,09:17:50,ALTA,1.0,1.0,0.0,CALL,157.011515,157.009655
EURGBP,123.99,2023-08-02 09:17:50.636140,09:17:50,NEUTRO,1.0,1.0,4.0,CALL,0.861365,0.86117
EURUSD,124.67,2023-08-02 09:18:51.026823,09:18:50,NEUTRO,1.0,4.0,0.0,CALL,1.09754,1.097555
EURJPY,123.45,2023-08-02 09:18:51.026823,09:18:50,NEUTRO,2.0,1.0,0.0,CALL,156.986105,157.019585
EURGBP,123.99,2023-08-02 09:18:51.026823,09:18:50,NEUTRO,0.0,5.0,0.0,CALL,0.861085,0.86144
EURUSD,124.67,2023-08-02 09:19:50.559400,09:19:50,ALTA,0.0,1.0,0.0,PUT,1.09715,1.0976
EURJPY,123.45,2023-08-02 09:19:50.559400,09:19:50,NEUTRO,1.0,0.0,1.0,CALL,156.959865,156.973785
EURUSD,124.67,2023-08-02 09:20:51.071395,09:20:50,NEUTRO,0.0,0.0,1.0,PUT,1.09733,1.09715
EURJPY,123.45,2023-08-02 09:20:51.071395,09:20:50,NEUTRO,0.0,1.0,2.0,CALL,156.956575,156.983465
EURGBP,123.99,2023-08-02 09:20:51.071395,09:20:50,ALTA,5.0,0.0,2.0,PUT,0.86096,0.86113
EURUSD,124.67,2023-08-02 09:21:50.366445,09:21:50,NEUTRO,1.0,2.0,0.0,CALL,1.097145,1.0973
EURJPY,123.45,2023-08-02 09:21:50.366445,09:21:50,NEUTRO,1.0,0.0,1.0,CALL,156.941345,156.953505
EURUSD,124.67,2023-08-02 09:22:50.908113,09:22:50,ALTA,1.0,1.0,0.0,CALL,1.097305,1.097205
EURJPY,123.45,2023-08-02 09:22:50.908113,09:22:50,NEUTRO,1.0,0.0,0.0,PUT,156.945475,156.949665
EURGBP,123.99,2023-08-02 09:22:50.908113,09:22:50,NEUTRO,1.0,5.0,0.0,PUT,0.86092,0.86104
EURUSD,124.67,2023-08-02 09:23:50.263920,09:23:50,NEUTRO,0.0,1.0,1.0,PUT,1.097075,1.09727
EURJPY,123.45,2023-08-02 09:23:50.263920,09:23:50,ALTA,1.0,0.0,1.0,PUT,156.952365,156.965605
EURUSD,124.67,2023-08-02 09:23:51.283890,09:23:50,NEUTRO,0.0,1.0,1.0,PUT,1.097075,1.09727
EURJPY,123.45,2023-08-02 09:23:51.283890,09:23:50,ALTA,0.0,1.0,0.0,PUT,156.952365,156.965605
EURJPY,123.45,2023-08-02 09:24:50.680958,09:24:50,NEUTRO,1.0,5.0,0.0,PUT,156.950545,156.958485
EURGBP,123.99,2023-08-02 09:24:50.680958,09:24:50,NEUTRO,1.0,1.0,0.0,PUT,0.86111,0.860955
EURUSD,124.67,2023-08-02 09:25:51.187040,09:25:50,ALTA,0.0,0.0,2.0,PUT,1.09681,1.09673
EURJPY,123.45,2023-08-02 09:25:51.187040,09:25:50,ALTA,1.0,4.0,0.0,PUT,156.997015,156.977425
EURUSD,124.67,2023-08-02 09:26:50.590967,09:26:50,NEUTRO,1.0,0.0,2.0,PUT,1.097225,1.09692
EURJPY,123.45,2023-08-02 09:26:50.590967,09:26:50,ALTA,1.0,2.0,1.0,CALL,157.017975,157.004975
EURGBP,123.99,2023-08-02 09:26:50.590967,09:26:50,NEUTRO,1.0,0.0,2.0,PUT,0.860995,0.861
EURUSD,124.67,2023-08-02 09:27:51.051780,09:27:50,NEUTRO,1.0,4.0,4.0,CALL,1.097395,1.09732
EURJPY,123.45,2023-08-02 09:27:51.051780,09:27:50,NEUTRO,1.0,1.0,1.0,CALL,156.953705,157.021435
EURGBP,123.99,2023-08-02 09:27:51.051780,09:27:50,NEUTRO,1.0,0.0,4.0,CALL,0.86093,0.861015
EURUSD,124.67,2023-08-02 09:28:50.390900,09:28:50,NEUTRO,0.0,4.0,0.0,PUT,1.09699,1.097305
EURJPY,123.45,2023-08-02 09:28:50.390900,09:28:50,ALTA,0.0,0.0,0.0,PUT,156.925035,156.976315
EURGBP,123.99,2023-08-02 09:28:50.390900,09:28:50,NEUTRO,0.0,4.0,0.0,PUT,0.860815,0.860885
EURUSD,124.67,2023-08-02 09:29:50.986651,09:29:50,NEUTRO,0.0,1.0,2.0,CALL,1.097205,1.097095
EURJPY,123.45,2023-08-02 09:29:50.986651,09:29:50,ALTA,0.0,5.0,0.0,PUT,156.905215,156.939365
EURGBP,123.99,2023-08-02 09:29:50.986651,09:29:50,NEUTRO,0.0,2.0,5.0,PUT,0.861075,0.860825
EURUSD,124.67,2023-08-02 09:30:50.581042,09:30:50,NEUTRO,1.0,0.0,4.0,CALL,1.096815,1.097175
EURJPY,123.45,2023-08-02 09:30:50.581042,09:30:50,ALTA,1.0,2.0,1.0,CALL,156.887315,156.907415
EURGBP,123.99,2023-08-02 09:30:50.581042,09:30:50,NEUTRO,4.0,1.0,0.0,PUT,0.860945,0.86102
EURUSD,124.67,2023-08-02 09:31:50.990858,09:31:50,NEUTRO,1.0,0.0,4.0,CALL,1.09639,1.097145
EURJPY,123.45,2023-08-02 09:31:50.990858,09:31:50,NEUTRO,0.0,1.0,5.0,CALL,156.898695,156.901385
EURUSD,124.67,2023-08-02 09:32:50.400857,09:32:50,NEUTRO,0.0,0.0,4.0,PUT,1.09635,1.09646
EURJPY,123.45,2023-08-02 09:32:50.400857,09:32:50,NEUTRO,5.0,0.0,0.0,CALL,156.891585,156.902205
EURGBP,123.99,2023-08-02 09:32:50.400857,09:32:50,ALTA,1.0,1.0,0.0,CALL,0.861225,0.861235
EURUSD,124.67,2023-08-02 09:32:51.377462,09:32:50,NEUTRO,0.0,0.0,4.0,PUT,1.09635,1.09646
EURJPY,123.45,2023-08-02 09:32:51.377462,09:32:50,NEUTRO,0.0,0.0,0.0,CALL,156.891585,156.902205
EURUSD,124.67,2023-08-02 09:33:51.025811,09:33:50,ALTA,4.0,1.0,0.0,CALL,1.0963,1.096465
EURJPY,123.45,2023-08-02 09:33:51.025811,09:33:50,NEUTRO,1.0,0.0,4.0,CALL,156.851015,156.898445
EURUSD,124.67,2023-08-02 09:34:50.471955,09:34:50,ALTA,5.0,0.0,4.0,CALL,1.09621,1.096285
EURGBP,123.99,2023-08-02 09:34:50.471955,09:34:50,ALTA,1.0,0.0,0.0,CALL,0.861005,0.86108
EURUSD,124.67,2023-08-02 09:35:51.045841,09:35:50,NEUTRO,0.0,2.0,1.0,CALL,1.09627,1.09622
EURJPY,123.45,2023-08-02 09:35:51.045841,09:35:50,NEUTRO,1.0,1.0,1.0,CALL,156.858315,156.883475
EURGBP,123.99,2023-08-02 09:35:51.045841,09:35:50,NEUTRO,1.0,4.0,0.0,CALL,0.861025,0.861015
EURUSD,124.67,2023-08-02 09:36:50.616520,09:36:50,NEUTRO,0.0,5.0,4.0,PUT,1.09634,1.096235
EURJPY,123.45,2023-08-02 09:36:50.616520,09:36:50,NEUTRO,1.0,0.0,1.0,CALL,156.848345,156.857615
EURGBP,123.99,2023-08-02 09:36:50.616520,09:36:50,NEUTRO,1.0,0.0,0.0,PUT,0.86101,0.86099
EURUSD,124.67,2023-08-02 09:37:51.130882,09:37:50,ALTA,1.0,2.0,1.0,CALL,1.096295,1.09642
EURJPY,123.45,2023-08-02 09:37:51.130882,09:37:50,ALTA,1.0,0.0,5.0,CALL,156.849445,156.863445
EURUSD,124.67,2023-08-02 09:38:50.522951,09:38:50,NEUTRO,0.0,1.0,0.0,CALL,1.095925,1.09637
EURJPY,123.45,2023-08-02 09:38:50.522951,09:38:50,NEUTRO,0.0,0.0,0.0,CALL,156.825145,156.844005
EURUSD,124.67,2023-08-02 09:39:51.135016,09:39:50,NEUTRO,0.0,2.0,0.0,PUT,1.09612,1.096035
EURJPY,123.45,2023-08-02 09:39:51.135016,09:39:50,ALTA,0.0,0.0,0.0,PUT,156.860805,156.850545
EURGBP,123.99,2023-08-02 09:39:51.135016,09:39:50,NEUTRO,0.0,0.0,0.0,CALL,0.861395,0.861245
EURUSD,124.67,2023-08-02 09:40:50.644155,09:40:50,ALTA,1.0,1.0,1.0,PUT,1.09618,1.096065
EURJPY,123.45,2023-08-02 09:40:50.644155,09:40:50,NEUTRO,0.0,0.0,0.0,CALL,156.866295,156.852575
EURGBP,123.99,2023-08-02 09:40:50.644155,09:40:50,ALTA,5.0,0.0,5.0,PUT,0.86116,0.86137
EURUSD,124.67,2023-08-02 09:42:50.696060,09:42:50,ALTA,5.0,0.0,0.0,PUT,1.096125,1.096335
EURGBP,123.99,2023-08-02 09:42:50.696060,09:42:50,ALTA,0.0,4.0,5.0,PUT,0.861415,0.861345
EURUSD,124.67,2023-08-02 09:43:51.085917,09:43:50,ALTA,0.0,1.0,1.0,CALL,1.0963,1.09616
EURJPY,123.45,2023-08-02 09:43:51.085917,09:43:50,ALTA,1.0,5.0,5.0,CALL,156.828205,156.894685
EURUSD,124.67,2023-08-02 11:23:49.778977,11:23:50,ALTA,0.0,2.0,0.0,CALL,1.093105,1.09339
EURJPY,123.45,2023-08-02 11:23:49.778977,11:23:50,ALTA,4.0,0.0,0.0,CALL,156.780235,156.787785
EURGBP,123.99,2023-08-02 11:23:49.778977,11:23:50,ALTA,4.0,0.0,0.0,CALL,0.861315,0.86143
EURUSD,124.67,2023-08-02 11:23:50.768456,11:23:50,ALTA,0.0,2.0,0.0,CALL,1.093105,1.09337
EURJPY,123.45,2023-08-02 11:23:50.768456,11:23:50,ALTA,0.0,0.0,2.0,PUT,156.785195,156.783255
EURGBP,123.99,2023-08-02 11:23:50.768456,11:23:50,NEUTRO,0.0,0.0,0.0,CALL,0.861325,0.861415
EURJPY,123.45,2023-08-02 11:25:50.449637,11:25:50,NEUTRO,0.0,2.0,1.0,CALL,156.675715,156.782975
EURUSD,124.67,2023-08-02 11:26:50.210797,11:26:50,NEUTRO,0.0,1.0,0.0,CALL,1.092205,1.092555
EURJPY,123.45,2023-08-02 11:26:50.210797,11:26:50,NEUTRO,0.0,0.0,0.0,CALL,156.661555,156.681685
EURGBP,123.99,2023-08-02 11:26:50.210797,11:26:50,ALTA,0.0,1.0,0.0,PUT,0.86097,0.86098
EURJPY,123.45,2023-08-02 11:27:49.957093,11:27:50,ALTA,0.0,1.0,1.0,CALL,156.640245,156.659795
EURGBP,123.99,2023-08-02 11:27:49.957093,11:27:50,ALTA,4.0,1.0,5.0,CALL,0.86076,0.86093
EURUSD,124.67,2023-08-02 11:28:49.765657,11:28:50,NEUTRO,0.0,0.0,0.0,CALL,1.091925,1.091995
EURJPY,123.45,2023-08-02 11:28:49.765657,11:28:50,NEUTRO,1.0,2.0,0.0,CALL,156.650195,156.646945
EURGBP,123.99,2023-08-02 11:28:49.765657,11:28:50,NEUTRO,0.0,2.0,0.0,PUT,0.860725,0.86081
EURUSD,124.67,2023-08-02 11:29:50.518959,11:29:50,NEUTRO,0.0,0.0,1.0,PUT,1.09218,1.091935
EURJPY,123.45,2023-08-02 11:29:50.518959,11:29:50,NEUTRO,0.0,1.0,5.0,CALL,156.675465,156.649575
EURGBP,123.99,2023-08-02 11:29:50.518959,11:29:50,ALTA,1.0,1.0,5.0,CALL,0.860745,0.86073
EURUSD,124.67,2023-08-02 11:30:50.299589,11:30:50,NEUTRO,5.0,0.0,1.0,PUT,1.09222,1.092005
EURJPY,123.45,2023-08-02 11:30:50.299589,11:30:50,NEUTRO,5.0,0.0,5.0,CALL,156.666765,156.658065
EURGBP,123.99,2023-08-02 11:30:50.299589,11:30:50,NEUTRO,0.0,5.0,4.0,PUT,0.86058,0.86068
EURUSD,124.67,2023-08-02 11:30:51.272164,11:30:50,NEUTRO,0.0,1.0,5.0,CALL,1.09222,1.092005
EURJPY,123.45,2023-08-02 11:30:51.272164,11:30:50,NEUTRO,0.0,5.0,5.0,CALL,156.666765,156.658065
EURGBP,123.99,2023-08-02 11:30:51.272164,11:30:50,NEUTRO,0.0,5.0,0.0,CALL,0.86058,0.86068
EURUSD,124.67,2023-08-02 11:31:50.061347,11:31:50,NEUTRO,0.0,0.0,1.0,PUT,1.092415,1.092295
EURGBP,123.99,2023-08-02 11:31:50.061347,11:31:50,NEUTRO,0.0,2.0,5.0,PUT,0.86063,0.86059
EURUSD,124.67,2023-08-02 11:32:49.819638,11:32:50,NEUTRO,1.0,1.0,1.0,CALL,1.09273,1.092305
EURJPY,123.45,2023-08-02 11:32:49.819638,11:32:50,NEUTRO,0.0,0.0,0.0,CALL,156.607825,156.607725
EURUSD,124.67,2023-08-02 11:33:50.494417,11:33:50,ALTA,5.0,5.0,5.0,PUT,1.09269,1.092735
EURJPY,123.45,2023-08-02 11:33:50.494417,11:33:50,ALTA,1.0,5.0,5.0,CALL,156.661355,156.608555
EURGBP,123.99,2023-08-02 11:33:50.494417,11:33:50,NEUTRO,0.0,0.0,0.0,CALL,0.86046,0.86049
EURJPY,123.45,2023-08-02 11:34:50.361787,11:34:50,ALTA,0.0,5.0,1.0,CALL,156.639985,156.665495
EURUSD,124.67,2023-08-02 11:35:50.021898,11:35:50,NEUTRO,0.0,0.0,0.0,CALL,1.092785,1.092625
EURJPY,123.45,2023-08-02 11:35:50.021898,11:35:50,ALTA,0.0,0.0,0.0,PUT,156.685855,156.641985
EURGBP,123.99,2023-08-02 11:35:50.021898,11:35:50,NEUTRO,0.0,0.0,1.0,PUT,0.860515,0.860405
EURUSD,124.67,2023-08-02 11:36:49.998454,11:36:50,ALTA,0.0,4.0,0.0,CALL,1.092735,1.092725
EURGBP,123.99,2023-08-02 11:36:49.998454,11:36:50,ALTA,0.0,1.0,5.0,PUT,0.8607,0.860395
EURUSD,124.67,2023-08-02 11:37:50.773384,11:37:50,ALTA,1.0,0.0,5.0,CALL,1.09288,1.092745
EURJPY,123.45,2023-08-02 11:37:50.773384,11:37:50,NEUTRO,5.0,5.0,5.0,CALL,156.733765,156.703485
EURGBP,123.99,2023-08-02 11:37:50.773384,11:37:50,NEUTRO,2.0,4.0,5.0,CALL,0.860985,0.8607
EURUSD,124.67,2023-08-02 11:38:50.433667,11:38:50,ALTA,1.0,4.0,1.0,CALL,1.092775,1.09298
EURJPY,123.45,2023-08-02 11:38:50.433667,11:38:50,ALTA,0.0,5.0,5.0,PUT,156.734255,156.745385
EURGBP,123.99,2023-08-02 11:38:50.433667,11:38:50,NEUTRO,0.0,5.0,0.0,CALL,0.86113,0.86102
EURUSD,124.67,2023-08-02 11:39:50.208525,11:39:50,NEUTRO,0.0,0.0,0.0,CALL,1.09273,1.09273
EURJPY,123.45,2023-08-02 11:39:50.208525,11:39:50,ALTA,0.0,0.0,0.0,PUT,156.751245,156.733465
EURGBP,123.99,2023-08-02 11:39:50.208525,11:39:50,ALTA,1.0,0.0,5.0,CALL,0.86106,0.861075
EURUSD,124.67,2023-08-02 21:05:49.768902,1691021149.768902,NEUTRO,2.0,0.0,5.0,CALL,1.09439,1.0942
EURJPY,123.45,2023-08-02 21:05:49.768902,1691021149.768902,ALTA,1.0,1.0,1.0,PUT,156.9245,156.899
EURUSD,124.67,2023-08-02 21:06:50.050587,1691021210.050587,ALTA,5.0,2.0,4.0,PUT,1.09438,1.094385
EURUSD,124.67,2023-08-02 21:12:49.980110,1691021569.98011,ALTA,1.0,0.0,5.0,CALL,1.094225,1.094285
EURJPY,123.45,2023-08-02 21:12:49.980110,1691021569.98011,NEUTRO,1.0,2.0,5.0,CALL,156.8205,156.83
EURGBP,123.99,2023-08-02 21:12:49.980110,1691021569.98011,NEUTRO,0.0,5.0,2.0,CALL,0.86043,0.860475
EURUSD,124.67,2023-08-02 21:13:50.160877,1691021630.160877,NEUTRO,0.0,0.0,4.0,PUT,1.09421,1.09422
EURJPY,123.45,2023-08-02 21:13:50.160877,1691021630.160877,NEUTRO,0.0,0.0,1.0,PUT,156.7985,156.821
EURUSD,124.67,2023-08-02 21:14:50.328212,1691021690.328212,NEUTRO,2.0,4.0,0.0,PUT,1.09401,1.09425
EURUSD,124.67,2023-08-02 21:15:49.545382,1691021749.545382,NEUTRO,0.0,0.0,2.0,CALL,1.093815,1.094065
EURJPY,123.45,2023-08-02 21:15:49.545382,1691021749.545382,ALTA,0.0,0.0,0.0,PUT,156.7385,156.7575
EURGBP,123.99,2023-08-02 21:15:49.545382,1691021749.545382,ALTA,0.0,0.0,5.0,PUT,0.860395,0.860385
EURJPY,123.45,2023-08-02 21:16:49.792013,1691021809.792013,NEUTRO,0.0,4.0,0.0,PUT,156.716,156.7455
EURUSD,124.67,2023-08-02 21:17:50.061966,1691021870.061966,ALTA,2.0,1.0,4.0,CALL,1.094045,1.09389
EURJPY,123.45,2023-08-02 21:17:50.061966,1691021870.061966,ALTA,2.0,0.0,1.0,CALL,156.726,156.7165
EURJPY,123.45,2023-08-02 21:18:50.221725,1691021930.221725,NEUTRO,5.0,0.0,4.0,PUT,156.7115,156.725
EURUSD,124.67,2023-08-02 21:19:50.444623,1691021990.444623,NEUTRO,1.0,1.0,0.0,PUT,1.094055,1.09403
EURJPY,123.45,2023-08-02 21:19:50.444623,1691021990.444623,ALTA,4.0,1.0,0.0,CALL,156.7045,156.714
EURUSD,124.67,2023-08-02 21:20:49.604993,1691022049.604993,NEUTRO,2.0,0.0,5.0,CALL,1.094145,1.093945
EURJPY,123.45,2023-08-02 21:20:49.604993,1691022049.604993,ALTA,0.0,1.0,0.0,PUT,156.7145,156.7175
EURJPY,123.45,2023-08-02 21:21:49.933972,1691022109.933972,NEUTRO,1.0,5.0,0.0,PUT,156.6905,156.721
EURGBP,123.99,2023-08-02 21:21:49.933972,1691022109.933972,NEUTRO,2.0,1.0,2.0,CALL,0.86048,0.860455
EURJPY,123.45,2023-08-02 21:21:50.938572,1691022110.938572,NEUTRO,5.0,0.0,5.0,CALL,156.6925,156.715
EURUSD,124.67,2023-08-02 21:22:50.217465,1691022170.217465,NEUTRO,5.0,4.0,2.0,CALL,1.09392,1.094
EURJPY,123.45,2023-08-02 21:22:50.217465,1691022170.217465,ALTA,0.0,0.0,0.0,PUT,156.6985,156.6915
EURJPY,123.45,2023-08-02 21:24:49.830142,1691022289.830142,ALTA,0.0,1.0,5.0,PUT,156.767,156.7345
EURJPY,123.45,2023-08-02 21:25:50.155823,1691022350.155823,NEUTRO,5.0,1.0,0.0,CALL,156.775,156.7665
EURUSD,124.67,2023-08-02 21:27:49.549947,1691022469.549947,NEUTRO,0.0,4.0,5.0,CALL,1.094035,1.093905
EURJPY,123.45,2023-08-02 21:27:49.549947,1691022469.549947,NEUTRO,0.0,5.0,5.0,CALL,156.782,156.782
EURJPY,123.45,2023-08-02 22:41:49.890118,1691026909.890118,ALTA,0.0,0.0,1.0,CALL,156.794,156.7835
EURUSD,124.67,2023-08-02 22:42:50.283898,1691026970.283898,NEUTRO,0.0,5.0,0.0,CALL,1.094595,1.094635
EURJPY,123.45,2023-08-02 22:42:50.283898,1691026970.283898,NEUTRO,2.0,4.0,0.0,PUT,156.7895,156.7945
EURGBP,123.99,2023-08-02 22:42:50.283898,1691026970.283898,NEUTRO,0.0,5.0,5.0,CALL,0.860335,0.860335
EURJPY,123.45,2023-08-02 22:43:49.801179,1691027029.801179,NEUTRO,0.0,0.0,0.0,CALL,156.7485,156.7935
EURUSD,124.67,2023-08-02 22:44:50.298742,1691027090.298742,NEUTRO,0.0,0.0,1.0,PUT,1.094905,1.094625
EURJPY,123.45,2023-08-02 22:44:50.298742,1691027090.298742,NEUTRO,2.0,2.0,2.0,PUT,156.763,156.7485
EURGBP,123.99,2023-08-02 22:44:50.298742,1691027090.298742,NEUTRO,0.0,1.0,5.0,CALL,0.860305,0.860335
EURUSD,124.67,2023-08-02 22:45:49.681844,1691027149.681844,ALTA,1.0,0.0,5.0,CALL,1.094785,1.0949
EURJPY,123.45,2023-08-02 22:45:49.681844,1691027149.681844,NEUTRO,0.0,0.0,5.0,CALL,156.7565,156.754
EURUSD,124.67,2023-08-02 22:46:50.161275,1691027210.161275,ALTA,0.0,1.0,1.0,CALL,1.094855,1.09478
EURJPY,123.45,2023-08-02 22:46:50.161275,1691027210.161275,NEUTRO,0.0,2.0,0.0,PUT,156.7895,156.756
EURUSD,124.67,2023-08-02 22:48:50.088919,1691027330.088919,ALTA,5.0,0.0,1.0,CALL,1.094755,1.094845
EURJPY,123.45,2023-08-02 22:48:50.088919,1691027330.088919,NEUTRO,4.0,1.0,1.0,CALL,156.8175,156.8155
EURGBP,123.99,2023-08-02 22:48:50.088919,1691027330.088919,NEUTRO,5.0,0.0,4.0,PUT,0.86022,0.86024
EURUSD,124.67,2023-08-02 22:49:50.574717,1691027390.574717,NEUTRO,5.0,2.0,0.0,PUT,1.0947,1.094765
EURJPY,123.45,2023-08-02 22:49:50.574717,1691027390.574717,NEUTRO,0.0,4.0,2.0,CALL,156.8105,156.803
EURGBP,123.99,2023-08-02 22:49:50.574717,1691027390.574717,NEUTRO,1.0,2.0,0.0,CALL,0.86025,0.86021
EURUSD,124.67,2023-08-02 22:50:49.983305,1691027449.983305,ALTA,0.0,0.0,0.0,PUT,1.094635,1.094685
EURUSD,124.67,2023-08-02 22:51:50.468210,1691027510.46821,NEUTRO,4.0,4.0,1.0,PUT,1.09453,1.094625
EURJPY,123.45,2023-08-02 22:51:50.468210,1691027510.46821,NEUTRO,1.0,5.0,5.0,PUT,156.8215,156.832
EURUSD,124.67,2023-08-02 22:52:49.979657,1691027569.979657,NEUTRO,2.0,1.0,0.0,CALL,1.094545,1.09457
EURJPY,123.45,2023-08-02 22:52:49.979657,1691027569.979657,NEUTRO,2.0,5.0,0.0,CALL,156.815,156.8235
EURUSD,124.67,2023-08-02 22:52:50.984784,1691027570.984784,NEUTRO,1.0,0.0,0.0,PUT,1.09453,1.094545
EURJPY,123.45,2023-08-02 22:52:50.984784,1691027570.984784,ALTA,5.0,0.0,0.0,PUT,156.811,156.8205
EURUSD,124.67,2023-08-02 22:53:50.614481,1691027630.614481,NEUTRO,5.0,2.0,4.0,CALL,1.094455,1.09454
EURUSD,124.67,2023-08-02 22:54:49.941576,1691027689.941576,NEUTRO,5.0,0.0,0.0,CALL,1.0944,1.094465
EURJPY,123.45,2023-08-02 22:54:49.941576,1691027689.941576,ALTA,1.0,0.0,0.0,CALL,156.784,156.794
EURUSD,124.67,2023-08-02 22:55:50.497906,1691027750.497906,NEUTRO,2.0,4.0,0.0,PUT,1.094355,1.094405
EURJPY,123.45,2023-08-02 22:55:50.497906,1691027750.497906,ALTA,2.0,4.0,0.0,CALL,156.786,156.7845
EURGBP,123.99,2023-08-02 22:55:50.497906,1691027750.497906,NEUTRO,1.0,4.0,5.0,PUT,0.86025,0.860245
EURUSD,124.67,2023-08-02 22:56:49.983491,1691027809.983491,NEUTRO,0.0,1.0,0.0,CALL,1.094375,1.09445
EURUSD,124.67,2023-08-02 22:57:49.761985,1691027869.761985,NEUTRO,0.0,5.0,5.0,CALL,1.09442,1.09436
EURJPY,123.45,2023-08-02 22:57:49.761985,1691027869.761985,NEUTRO,1.0,0.0,5.0,PUT,156.8065,156.788
EURGBP,123.99,2023-08-02 22:57:49.761985,1691027869.761985,NEUTRO,4.0,2.0,0.0,CALL,0.860195,0.86025
EURUSD,124.67,2023-08-02 23:35:51.114285,1691030151.114285,ALTA,1.0,1.0,1.0,PUT,nada,
EURJPY,123.45,2023-08-02 23:35:51.114285,1691030151.114285,ALTA,0.0,1.0,1.0,CALL,nada,
EURUSD,124.67,2023-08-02 23:35:52.103038,1691030152.103038,ALTA,1.0,1.0,1.0,PUT,nada,
EURUSD,124.67,2023-08-02 23:36:50.757317,1691030210.757317,NEUTRO,0.0,0.0,2.0,CALL,nada,
EURUSD,124.67,2023-08-02 23:37:50.462296,1691030270.462296,NEUTRO,5.0,2.0,1.0,CALL,nada,
EURJPY,123.45,2023-08-02 23:37:50.462296,1691030270.462296,NEUTRO,4.0,0.0,0.0,PUT,nada,
EURUSD,124.67,2023-08-02 23:38:51.074561,1691030331.074561,ALTA,4.0,1.0,2.0,CALL,nada,
EURJPY,123.45,2023-08-02 23:38:51.074561,1691030331.074561,NEUTRO,2.0,1.0,4.0,PUT,nada,
EURUSD,124.67,2023-08-02 23:39:50.501240,1691030390.50124,ALTA,5.0,2.0,5.0,CALL,nada,
EURJPY,123.45,2023-08-02 23:39:50.501240,1691030390.50124,NEUTRO,0.0,5.0,2.0,CALL,nada,
EURGBP,123.99,2023-08-02 23:39:50.501240,1691030390.50124,NEUTRO,2.0,5.0,0.0,CALL,nada,
EURUSD,124.67,2023-08-02 23:40:51.152605,1691030451.152605,NEUTRO,5.0,2.0,5.0,PUT,nada,
EURUSD,124.67,2023-08-02 23:41:50.791568,1691030510.791568,NEUTRO,5.0,0.0,5.0,CALL,nada,
EURJPY,123.45,2023-08-02 23:41:50.791568,1691030510.791568,NEUTRO,4.0,1.0,0.0,PUT,nada,
EURGBP,123.99,2023-08-02 23:41:50.791568,1691030510.791568,NEUTRO,5.0,0.0,1.0,PUT,nada,
EURUSD,124.67,2023-08-02 23:42:50.376704,1691030570.376704,NEUTRO,0.0,0.0,0.0,CALL,nada,
EURJPY,123.45,2023-08-02 23:42:50.376704,1691030570.376704,ALTA,0.0,0.0,1.0,CALL,nada,
EURUSD,124.67,2023-08-02 23:43:50.979424,1691030630.979424,ALTA,4.0,5.0,0.0,CALL,nada,
EURJPY,123.45,2023-08-02 23:43:50.979424,1691030630.979424,NEUTRO,5.0,5.0,2.0,CALL,nada,
EURJPY,123.45,2023-08-02 23:44:50.658107,1691030690.658107,NEUTRO,1.0,0.0,5.0,PUT,nada,
EURUSD,124.67,2023-08-02 23:46:50.904043,1691030810.904043,ALTA,0.0,2.0,1.0,PUT,nada,
EURJPY,123.45,2023-08-02 23:47:50.467136,1691030870.467136,NEUTRO,0.0,4.0,4.0,PUT,nada,
EURGBP,123.99,2023-08-02 23:47:50.467136,1691030870.467136,NEUTRO,5.0,5.0,0.0,CALL,nada,
EURUSD,124.67,2023-08-03 00:00:50.445447,1691031650.445447,NEUTRO,0.0,0.0,4.0,PUT,nada,
EURJPY,123.45,2023-08-03 00:00:50.445447,1691031650.445447,NEUTRO,0.0,0.0,4.0,PUT,nada,
EURGBP,123.99,2023-08-03 00:00:50.445447,1691031650.445447,NEUTRO,2.0,4.0,2.0,CALL,nada,
EURUSD,124.67,2023-08-03 06:25:49.982232,1691054749.982232,NEUTRO,0.0,0.0,1.0,PUT,nada,
EURJPY,123.45,2023-08-03 06:25:49.982232,1691054749.982232,ALTA,0.0,1.0,1.0,CALL,nada,
EURGBP,123.99,2023-08-03 06:25:49.982232,1691054749.982232,ALTA,0.0,4.0,1.0,PUT,nada,
EURUSD,124.67,2023-08-03 06:26:50.464895,1691054810.464895,NEUTRO,1.0,1.0,0.0,PUT,nada,
EURJPY,123.45,2023-08-03 06:26:50.464895,1691054810.464895,NEUTRO,1.0,1.0,0.0,PUT,nada,
EURGBP,123.99,2023-08-03 06:26:50.464895,1691054810.464895,NEUTRO,5.0,0.0,5.0,CALL,nada,
EURUSD,124.67,2023-08-03 06:27:50.715251,1691054870.715251,NEUTRO,2.0,0.0,0.0,CALL,nada,
EURJPY,123.45,2023-08-03 06:27:50.715251,1691054870.715251,NEUTRO,0.0,1.0,5.0,CALL,nada,
EURGBP,123.99,2023-08-03 06:27:50.715251,1691054870.715251,ALTA,0.0,5.0,5.0,PUT,nada,
EURUSD,124.67,2023-08-03 06:28:49.983280,1691054929.98328,NEUTRO,0.0,5.0,1.0,PUT,nada,
EURJPY,123.45,2023-08-03 06:28:49.983280,1691054929.98328,NEUTRO,0.0,1.0,2.0,CALL,nada,
EURGBP,123.99,2023-08-03 06:28:49.983280,1691054929.98328,NEUTRO,1.0,5.0,0.0,PUT,nada,
EURUSD,124.67,2023-08-03 06:29:50.243802,1691054990.243802,NEUTRO,0.0,1.0,1.0,PUT,nada,
EURJPY,123.45,2023-08-03 06:29:50.243802,1691054990.243802,ALTA,0.0,0.0,0.0,PUT,nada,
EURJPY,123.45,2023-08-03 06:30:50.489706,1691055050.489706,NEUTRO,5.0,0.0,2.0,CALL,nada,
EURUSD,124.67,2023-08-03 06:31:50.754050,1691055110.75405,NEUTRO,0.0,2.0,4.0,CALL,nada,
EURJPY,123.45,2023-08-03 06:31:50.754050,1691055110.75405,ALTA,0.0,5.0,0.0,PUT,nada,
EURUSD,124.67,2023-08-03 06:32:50.172876,1691055170.172876,ALTA,0.0,0.0,0.0,PUT,nada,
EURJPY,123.45,2023-08-03 06:32:50.172876,1691055170.172876,ALTA,0.0,0.0,0.0,PUT,nada,
EURGBP,123.99,2023-08-03 06:32:50.172876,1691055170.172876,NEUTRO,5.0,1.0,0.0,CALL,nada,
EURUSD,124.67,2023-08-03 06:33:50.519161,1691055230.519161,NEUTRO,0.0,1.0,0.0,CALL,nada,
EURJPY,123.45,2023-08-03 06:33:50.519161,1691055230.519161,ALTA,1.0,1.0,2.0,CALL,nada,
EURUSD,124.67,2023-08-03 06:34:49.867435,1691055289.867435,NEUTRO,5.0,2.0,5.0,PUT,nada,
EURJPY,123.45,2023-08-03 06:34:49.867435,1691055289.867435,ALTA,2.0,1.0,0.0,PUT,nada,
EURUSD,124.67,2023-08-03 06:35:50.200955,1691055350.200955,ALTA,2.0,1.0,4.0,CALL,nada,
EURJPY,123.45,2023-08-03 06:35:50.200955,1691055350.200955,ALTA,1.0,1.0,5.0,CALL,nada,
EURGBP,123.99,2023-08-03 06:35:50.200955,1691055350.200955,NEUTRO,0.0,2.0,5.0,PUT,nada,
EURJPY,123.45,2023-08-03 06:36:50.556589,1691055410.556589,ALTA,0.0,1.0,2.0,PUT,nada,
EURJPY,123.45,2023-08-03 06:37:50.827487,1691055470.827487,ALTA,1.0,0.0,1.0,PUT,nada,
EURUSD,124.67,2023-08-03 06:38:50.248796,1691055530.248796,ALTA,1.0,0.0,0.0,CALL,nada,
EURJPY,123.45,2023-08-03 06:38:50.248796,1691055530.248796,NEUTRO,1.0,0.0,0.0,PUT,nada,
EURGBP,123.99,2023-08-03 06:38:50.248796,1691055530.248796,NEUTRO,1.0,1.0,0.0,PUT,nada,
EURUSD,124.67,2023-08-03 07:00:49.880852,1691056849.880852,ALTA,0.0,1.0,0.0,PUT,nada,
EURJPY,123.45,2023-08-03 07:00:49.880852,1691056849.880852,NEUTRO,1.0,1.0,5.0,PUT,nada,
EURGBP,123.99,2023-08-03 07:00:49.880852,1691056849.880852,ALTA,5.0,5.0,0.0,PUT,nada,
EURUSD,124.67,2023-08-03 07:01:50.334149,1691056910.334149,NEUTRO,0.0,0.0,0.0,CALL,nada,
EURJPY,123.45,2023-08-03 07:01:50.334149,1691056910.334149,ALTA,1.0,1.0,0.0,CALL,nada,
EURUSD,124.67,2023-08-03 07:02:50.574312,1691056970.574312,NEUTRO,0.0,0.0,4.0,PUT,nada,
EURJPY,123.45,2023-08-03 07:02:50.574312,1691056970.574312,ALTA,0.0,0.0,1.0,CALL,nada,
EURGBP,123.99,2023-08-03 07:02:50.574312,1691056970.574312,ALTA,5.0,5.0,0.0,PUT,nada,
EURJPY,123.45,2023-08-03 07:03:49.898589,1691057029.898589,NEUTRO,2.0,0.0,0.0,CALL,nada,
EURGBP,123.99,2023-08-03 07:03:49.898589,1691057029.898589,NEUTRO,0.0,2.0,1.0,CALL,nada,
EURJPY,123.45,2023-08-03 07:04:50.270757,1691057090.270757,ALTA,0.0,1.0,1.0,CALL,nada,
EURGBP,123.99,2023-08-03 07:04:50.270757,1691057090.270757,NEUTRO,1.0,1.0,5.0,PUT,nada,
EURUSD,124.67,2023-08-03 07:05:50.638950,1691057150.63895,NEUTRO,0.0,2.0,0.0,PUT,nada,
EURJPY,123.45,2023-08-03 07:05:50.638950,1691057150.63895,ALTA,2.0,1.0,0.0,PUT,nada,
EURGBP,123.99,2023-08-03 07:05:50.638950,1691057150.63895,ALTA,0.0,5.0,5.0,PUT,nada,
EURUSD,124.67,2023-08-03 07:06:49.948132,1691057209.948132,NEUTRO,1.0,1.0,1.0,CALL,nada,
EURJPY,123.45,2023-08-03 07:06:49.948132,1691057209.948132,ALTA,1.0,0.0,5.0,CALL,nada,
EURGBP,123.99,2023-08-03 07:06:49.948132,1691057209.948132,NEUTRO,1.0,0.0,5.0,PUT,nada,
EURUSD,124.67,2023-08-03 07:07:50.343265,1691057270.343265,ALTA,0.0,0.0,4.0,CALL,nada,
EURJPY,123.45,2023-08-03 07:07:50.343265,1691057270.343265,NEUTRO,2.0,0.0,1.0,PUT,nada,
EURGBP,123.99,2023-08-03 07:07:50.343265,1691057270.343265,NEUTRO,2.0,5.0,0.0,CALL,nada,
EURUSD,124.67,2023-08-03 07:08:50.743317,1691057330.743317,NEUTRO,0.0,1.0,0.0,CALL,nada,
EURJPY,123.45,2023-08-03 07:08:50.743317,1691057330.743317,ALTA,1.0,1.0,5.0,CALL,nada,
EURGBP,123.99,2023-08-03 07:08:50.743317,1691057330.743317,NEUTRO,1.0,1.0,2.0,PUT,nada,
EURUSD,124.67,2023-08-03 07:14:49.683215,1691057689.683215,ALTA,2.0,1.0,2.0,PUT,nada,
EURJPY,123.45,2023-08-03 07:14:49.683215,1691057689.683215,NEUTRO,2.0,1.0,0.0,CALL,nada,
EURJPY,123.45,2023-08-03 07:15:50.110885,1691057750.110885,NEUTRO,0.0,1.0,1.0,PUT,nada,
EURUSD,124.67,2023-08-03 07:16:49.395265,1691057809.395265,NEUTRO,5.0,1.0,5.0,CALL,nada,
EURJPY,123.45,2023-08-03 07:16:49.395265,1691057809.395265,NEUTRO,1.0,5.0,2.0,PUT,nada,
EURGBP,123.99,2023-08-03 07:16:49.395265,1691057809.395265,ALTA,0.0,4.0,2.0,PUT,nada,
EURUSD,124.67,2023-08-03 07:16:50.431412,1691057810.431412,ALTA,1.0,5.0,5.0,CALL,nada,
EURJPY,123.45,2023-08-03 07:16:50.431412,1691057810.431412,ALTA,5.0,2.0,5.0,CALL,nada,
EURGBP,123.99,2023-08-03 07:16:50.431412,1691057810.431412,NEUTRO,4.0,2.0,5.0,CALL,nada,
EURJPY,123.45,2023-08-03 07:17:49.707111,1691057869.707111,ALTA,1.0,0.0,5.0,CALL,nada,
EURGBP,123.99,2023-08-03 07:17:49.707111,1691057869.707111,NEUTRO,0.0,4.0,1.0,CALL,nada,
EURUSD,124.67,2023-08-03 07:18:50.086858,1691057930.086858,ALTA,1.0,4.0,1.0,CALL,nada,
EURJPY,123.45,2023-08-03 07:18:50.086858,1691057930.086858,NEUTRO,1.0,0.0,1.0,CALL,nada,
EURUSD,124.67,2023-08-03 07:19:49.385497,1691057989.385497,ALTA,0.0,1.0,0.0,PUT,nada,
EURJPY,123.45,2023-08-03 07:19:49.385497,1691057989.385497,NEUTRO,0.0,4.0,5.0,CALL,nada,
EURGBP,123.99,2023-08-03 07:19:49.385497,1691057989.385497,ALTA,4.0,1.0,4.0,PUT,nada,
EURUSD,124.67,2023-08-03 07:20:49.614726,1691058049.614726,NEUTRO,5.0,1.0,5.0,CALL,nada,
EURJPY,123.45,2023-08-03 07:20:49.614726,1691058049.614726,ALTA,5.0,1.0,5.0,PUT,nada,
EURUSD,124.67,2023-08-03 07:21:49.906483,1691058109.906483,NEUTRO,4.0,1.0,4.0,CALL,nada,
EURJPY,123.45,2023-08-03 07:21:49.906483,1691058109.906483,ALTA,1.0,4.0,1.0,CALL,nada,
EURGBP,123.99,2023-08-03 07:21:49.906483,1691058109.906483,NEUTRO,4.0,1.0,5.0,PUT,nada,
EURJPY,123.45,2023-08-03 07:22:50.104088,1691058170.104088,ALTA,0.0,2.0,4.0,PUT,nada,
EURUSD,124.67,2023-08-03 07:23:49.475863,1691058229.475863,NEUTRO,1.0,1.0,2.0,PUT,nada,
EURJPY,123.45,2023-08-03 07:23:49.475863,1691058229.475863,NEUTRO,0.0,4.0,5.0,CALL,nada,
EURGBP,123.99,2023-08-03 07:23:49.475863,1691058229.475863,NEUTRO,1.0,1.0,1.0,CALL,nada,
EURJPY,123.45,2023-08-03 07:24:49.711699,1691058289.711699,NEUTRO,0.0,1.0,0.0,CALL,nada,
EURGBP,123.99,2023-08-03 07:24:49.711699,1691058289.711699,NEUTRO,1.0,2.0,1.0,PUT,nada,
EURGBP,123.99,2023-08-03 07:25:50.091712,1691058350.091712,NEUTRO,1.0,5.0,5.0,PUT,nada,
EURJPY,123.45,2023-08-03 07:26:49.227575,1691058409.227575,ALTA,0.0,1.0,0.0,PUT,nada,
EURGBP,123.99,2023-08-03 07:26:49.227575,1691058409.227575,ALTA,2.0,0.0,0.0,PUT,nada,
EURUSD,124.67,2023-08-03 08:00:49.743306,1691060449.743306,NEUTRO,5.0,0.0,0.0,CALL,nada,
EURJPY,123.45,2023-08-03 08:00:49.743306,1691060449.743306,ALTA,1.0,4.0,0.0,PUT,nada,
EURGBP,123.99,2023-08-03 08:00:49.743306,1691060449.743306,ALTA,0.0,4.0,4.0,CALL,nada,
EURUSD,124.67,2023-08-03 08:01:50.078702,1691060510.078702,ALTA,0.0,1.0,0.0,PUT,nada,
EURGBP,123.99,2023-08-03 08:01:50.078702,1691060510.078702,ALTA,1.0,0.0,5.0,CALL,nada,
EURUSD,124.67,2023-08-03 08:02:49.418763,1691060569.418763,NEUTRO,0.0,1.0,0.0,CALL,nada,
EURJPY,123.45,2023-08-03 08:02:49.418763,1691060569.418763,ALTA,1.0,1.0,0.0,CALL,nada,
EURGBP,123.99,2023-08-03 08:02:49.418763,1691060569.418763,ALTA,0.0,0.0,4.0,CALL,nada,
EURUSD,124.67,2023-08-03 08:03:49.652097,1691060629.652097,ALTA,0.0,2.0,5.0,CALL,nada,
EURJPY,123.45,2023-08-03 08:03:49.652097,1691060629.652097,ALTA,1.0,2.0,0.0,PUT,nada,
EURGBP,123.99,2023-08-03 08:03:49.652097,1691060629.652097,ALTA,0.0,1.0,1.0,CALL,nada,
EURUSD,124.67,2023-08-03 08:03:50.728354,1691060630.728354,NEUTRO,2.0,5.0,5.0,CALL,nada,
EURJPY,123.45,2023-08-03 08:03:50.728354,1691060630.728354,NEUTRO,2.0,0.0,0.0,CALL,nada,
EURGBP,123.99,2023-08-03 08:03:50.728354,1691060630.728354,ALTA,1.0,1.0,5.0,CALL,nada,
EURUSD,124.67,2023-08-03 08:04:50.256130,1691060690.25613,NEUTRO,5.0,0.0,0.0,CALL,nada,
EURJPY,123.45,2023-08-03 08:04:50.256130,1691060690.25613,NEUTRO,1.0,1.0,4.0,CALL,nada,
EURGBP,123.99,2023-08-03 08:04:50.256130,1691060690.25613,ALTA,1.0,1.0,5.0,CALL,nada,
EURUSD,124.67,2023-08-03 08:05:49.531177,1691060749.531177,ALTA,1.0,1.0,0.0,CALL,nada,
EURJPY,123.45,2023-08-03 08:05:49.531177,1691060749.531177,ALTA,1.0,2.0,5.0,PUT,nada,
EURGBP,123.99,2023-08-03 08:05:49.531177,1691060749.531177,NEUTRO,2.0,1.0,1.0,PUT,nada,
EURUSD,124.67,2023-08-03 08:06:49.615813,1691060809.615813,ALTA,1.0,0.0,0.0,CALL,nada,
EURJPY,123.45,2023-08-03 08:06:49.615813,1691060809.615813,NEUTRO,1.0,0.0,0.0,PUT,nada,
EURGBP,123.99,2023-08-03 08:06:49.615813,1691060809.615813,ALTA,0.0,2.0,0.0,CALL,nada,
EURUSD,124.67,2023-08-03 08:07:50.001362,1691060870.001362,NEUTRO,4.0,2.0,0.0,CALL,nada,
EURJPY,123.45,2023-08-03 08:07:50.001362,1691060870.001362,ALTA,1.0,1.0,0.0,CALL,nada,
EURGBP,123.99,2023-08-03 08:07:50.001362,1691060870.001362,ALTA,0.0,5.0,2.0,PUT,nada,
EURUSD,124.67,2023-08-03 08:08:49.321151,1691060929.321151,NEUTRO,1.0,1.0,1.0,CALL,nada,
EURJPY,123.45,2023-08-03 08:08:49.321151,1691060929.321151,ALTA,0.0,0.0,1.0,CALL,nada,
EURGBP,123.99,2023-08-03 08:08:49.321151,1691060929.321151,ALTA,2.0,2.0,2.0,CALL,nada,
EURUSD,124.67,2023-08-03 08:09:49.825977,1691060989.825977,ALTA,0.0,1.0,5.0,PUT,nada,
EURJPY,123.45,2023-08-03 08:09:49.825977,1691060989.825977,NEUTRO,5.0,1.0,0.0,CALL,nada,
EURUSD,124.67,2023-08-03 08:10:50.157603,1691061050.157603,NEUTRO,5.0,0.0,0.0,CALL,nada,
EURGBP,123.99,2023-08-03 08:10:50.157603,1691061050.157603,NEUTRO,0.0,5.0,4.0,PUT,nada,
EURUSD,124.67,2023-08-03 08:11:49.391553,1691061109.391553,NEUTRO,1.0,4.0,1.0,PUT,nada,
EURJPY,123.45,2023-08-03 08:11:49.391553,1691061109.391553,ALTA,1.0,1.0,1.0,PUT,nada,
EURUSD,124.67,2023-08-03 08:12:49.720724,1691061169.720724,NEUTRO,2.0,0.0,5.0,CALL,nada,
EURJPY,123.45,2023-08-03 08:12:49.720724,1691061169.720724,ALTA,1.0,1.0,1.0,PUT,nada,
EURGBP,123.99,2023-08-03 08:12:49.720724,1691061169.720724,ALTA,1.0,1.0,0.0,CALL,nada,
EURUSD,124.67,2023-08-03 09:08:50.156505,1691064530.156505,ALTA,1.0,0.0,0.0,CALL,nada,
EURGBP,123.99,2023-08-03 09:08:50.156505,1691064530.156505,ALTA,1.0,1.0,0.0,CALL,nada,
EURJPY,123.45,2023-08-03 09:09:49.817931,1691064589.817931,NEUTRO,0.0,0.0,0.0,CALL,nada,
EURGBP,123.99,2023-08-03 09:09:49.817931,1691064589.817931,NEUTRO,1.0,2.0,0.0,CALL,nada,
EURUSD,124.67,2023-08-03 09:10:49.479681,1691064649.479681,ALTA,2.0,5.0,0.0,PUT,nada,
EURJPY,123.45,2023-08-03 09:10:49.479681,1691064649.479681,ALTA,0.0,5.0,0.0,PUT,nada,
EURUSD,124.67,2023-08-03 09:11:50.113914,1691064710.113914,NEUTRO,1.0,2.0,1.0,PUT,nada,
EURJPY,123.45,2023-08-03 09:11:50.113914,1691064710.113914,ALTA,2.0,4.0,5.0,PUT,nada,
EURUSD,124.67,2023-08-03 09:12:49.584462,1691064769.584462,ALTA,0.0,5.0,5.0,PUT,nada,
EURJPY,123.45,2023-08-03 09:12:49.584462,1691064769.584462,ALTA,0.0,4.0,4.0,CALL,nada,
EURGBP,123.99,2023-08-03 09:12:49.584462,1691064769.584462,NEUTRO,2.0,4.0,0.0,PUT,nada,
EURJPY,123.45,2023-08-03 09:13:50.263365,1691064830.263365,NEUTRO,1.0,4.0,5.0,PUT,nada,
EURUSD,124.67,2023-08-03 09:14:49.786966,1691064889.786966,ALTA,0.0,4.0,1.0,PUT,nada,
EURJPY,123.45,2023-08-03 09:14:49.786966,1691064889.786966,NEUTRO,1.0,4.0,5.0,PUT,nada,
EURGBP,123.99,2023-08-03 09:14:49.786966,1691064889.786966,ALTA,0.0,0.0,0.0,PUT,nada,
EURUSD,124.67,2023-08-03 09:15:49.479416,1691064949.479416,ALTA,0.0,0.0,0.0,PUT,nada,
EURJPY,123.45,2023-08-03 09:15:49.479416,1691064949.479416,ALTA,2.0,0.0,0.0,PUT,nada,
EURGBP,123.99,2023-08-03 09:15:49.479416,1691064949.479416,ALTA,1.0,0.0,5.0,CALL,nada,
EURUSD,124.67,2023-08-03 09:16:50.203202,1691065010.203202,NEUTRO,0.0,0.0,2.0,CALL,nada,
EURJPY,123.45,2023-08-03 09:16:50.203202,1691065010.203202,ALTA,5.0,1.0,5.0,PUT,nada,
EURUSD,124.67,2023-08-03 09:17:49.831157,1691065069.831157,ALTA,0.0,1.0,0.0,PUT,nada,
EURJPY,123.45,2023-08-03 09:17:49.831157,1691065069.831157,ALTA,0.0,5.0,5.0,PUT,nada,
EURGBP,123.99,2023-08-03 09:17:49.831157,1691065069.831157,NEUTRO,5.0,5.0,4.0,PUT,nada,
EURUSD,124.67,2023-08-03 09:18:49.442358,1691065129.442358,NEUTRO,0.0,0.0,5.0,CALL,nada,
EURJPY,123.45,2023-08-03 09:18:49.442358,1691065129.442358,NEUTRO,0.0,0.0,2.0,CALL,nada,
EURGBP,123.99,2023-08-03 09:18:49.442358,1691065129.442358,NEUTRO,0.0,0.0,5.0,CALL,nada,
EURUSD,124.67,2023-08-03 09:19:50.115112,1691065190.115112,NEUTRO,0.0,5.0,0.0,CALL,nada,
EURJPY,123.45,2023-08-03 09:19:50.115112,1691065190.115112,NEUTRO,2.0,1.0,0.0,CALL,nada,
EURUSD,124.67,2023-08-03 09:20:49.818923,1691065249.818923,ALTA,0.0,0.0,0.0,PUT,nada,
EURJPY,123.45,2023-08-03 09:20:49.818923,1691065249.818923,ALTA,2.0,2.0,0.0,CALL,nada,
EURGBP,123.99,2023-08-03 09:20:49.818923,1691065249.818923,NEUTRO,2.0,1.0,0.0,CALL,nada,
EURUSD,124.67,2023-08-03 09:21:49.567040,1691065309.56704,ALTA,0.0,1.0,0.0,PUT,nada,
EURJPY,123.45,2023-08-03 09:21:49.567040,1691065309.56704,NEUTRO,1.0,1.0,1.0,CALL,nada,
EURGBP,123.99,2023-08-03 09:21:49.567040,1691065309.56704,ALTA,0.0,2.0,1.0,PUT,nada,
EURUSD,124.67,2023-08-03 10:00:50.253903,1691067650.253903,ALTA,4.0,0.0,2.0,CALL,nada,
EURJPY,123.45,2023-08-03 10:00:50.253903,1691067650.253903,ALTA,0.0,1.0,2.0,PUT,nada,
EURUSD,124.67,2023-08-03 10:01:50.160782,1691067710.160782,ALTA,0.0,5.0,2.0,PUT,nada,
EURJPY,123.45,2023-08-03 10:01:50.160782,1691067710.160782,ALTA,0.0,1.0,4.0,CALL,nada,
EURGBP,123.99,2023-08-03 10:01:50.160782,1691067710.160782,NEUTRO,0.0,0.0,4.0,PUT,nada,
EURUSD,124.67,2023-08-03 10:02:49.912452,1691067769.912452,ALTA,2.0,0.0,0.0,PUT,nada,
EURJPY,123.45,2023-08-03 10:02:49.912452,1691067769.912452,NEUTRO,1.0,0.0,1.0,CALL,nada,
EURUSD,124.67,2023-08-03 10:03:49.695488,1691067829.695488,ALTA,0.0,1.0,4.0,CALL,nada,
EURJPY,123.45,2023-08-03 10:03:49.695488,1691067829.695488,NEUTRO,0.0,0.0,0.0,CALL,nada,
EURGBP,123.99,2023-08-03 10:03:49.695488,1691067829.695488,NEUTRO,0.0,5.0,1.0,PUT,nada,
EURUSD,124.67,2023-08-03 10:04:49.618086,1691067889.618086,NEUTRO,1.0,0.0,5.0,PUT,nada,
EURJPY,123.45,2023-08-03 10:04:49.618086,1691067889.618086,NEUTRO,0.0,5.0,0.0,CALL,nada,
EURGBP,123.99,2023-08-03 10:04:49.618086,1691067889.618086,ALTA,1.0,1.0,1.0,PUT,nada,
EURUSD,124.67,2023-08-03 10:05:49.493876,1691067949.493876,ALTA,1.0,5.0,1.0,PUT,nada,
EURJPY,123.45,2023-08-03 10:05:49.493876,1691067949.493876,NEUTRO,0.0,0.0,0.0,CALL,nada,
EURGBP,123.99,2023-08-03 10:05:49.493876,1691067949.493876,NEUTRO,5.0,0.0,1.0,PUT,nada,
EURJPY,123.45,2023-08-03 10:06:49.369416,1691068009.369416,NEUTRO,0.0,1.0,0.0,CALL,nada,
EURGBP,123.99,2023-08-03 10:06:49.369416,1691068009.369416,NEUTRO,1.0,0.0,5.0,PUT,nada,
EURUSD,124.67,2023-08-03 10:07:50.152215,1691068070.152215,ALTA,1.0,0.0,1.0,PUT,nada,
EURUSD,124.67,2023-08-03 10:08:49.934023,1691068129.934023,NEUTRO,5.0,1.0,0.0,CALL,nada,
EURJPY,123.45,2023-08-03 10:08:49.934023,1691068129.934023,ALTA,5.0,1.0,5.0,PUT,nada,
EURUSD,124.67,2023-08-03 10:09:49.950653,1691068189.950653,NEUTRO,0.0,2.0,0.0,PUT,nada,
EURJPY,123.45,2023-08-03 10:09:49.950653,1691068189.950653,NEUTRO,2.0,2.0,0.0,PUT,nada,
EURGBP,123.99,2023-08-03 10:09:49.950653,1691068189.950653,NEUTRO,2.0,0.0,5.0,CALL,nada,
EURUSD,124.67,2023-08-03 10:10:49.683163,1691068249.683163,NEUTRO,1.0,5.0,0.0,PUT,nada,
EURJPY,123.45,2023-08-03 10:10:49.683163,1691068249.683163,NEUTRO,0.0,5.0,0.0,CALL,nada,
EURUSD,124.67,2023-08-03 10:11:49.558686,1691068309.558686,NEUTRO,5.0,4.0,0.0,PUT,nada,
EURJPY,123.45,2023-08-03 10:11:49.558686,1691068309.558686,ALTA,0.0,5.0,0.0,PUT,nada,
EURGBP,123.99,2023-08-03 10:11:49.558686,1691068309.558686,ALTA,1.0,1.0,0.0,CALL,nada,
EURUSD,124.67,2023-08-03 10:12:49.450344,1691068369.450344,NEUTRO,1.0,0.0,1.0,CALL,nada,
EURJPY,123.45,2023-08-03 10:12:49.450344,1691068369.450344,ALTA,0.0,0.0,1.0,CALL,nada,
EURUSD,124.67,2023-08-03 10:13:49.190166,1691068429.190166,NEUTRO,2.0,0.0,1.0,PUT,nada,
EURJPY,123.45,2023-08-03 10:13:49.190166,1691068429.190166,ALTA,0.0,0.0,1.0,CALL,nada,
EURGBP,123.99,2023-08-03 10:13:49.190166,1691068429.190166,NEUTRO,0.0,5.0,2.0,CALL,nada,
